<?xml version="1.0" encoding="UTF-8"?>
<GenRun Id="synth_1" LaunchPart="xc7a100tcsg324-1" LaunchTime="1702986727">
  <File Type="PA-TCL" Name="Maquina_Refrescos.tcl"/>
  <File Type="REPORTS-TCL" Name="Maquina_Refrescos_reports.tcl"/>
  <File Type="RDS-RDS" Name="Maquina_Refrescos.vds"/>
  <File Type="RDS-UTIL" Name="Maquina_Refrescos_utilization_synth.rpt"/>
  <File Type="RDS-UTIL-PB" Name="Maquina_Refrescos_utilization_synth.pb"/>
  <File Type="RDS-DCP" Name="Maquina_Refrescos.dcp"/>
  <FileSet Name="sources" Type="DesignSrcs" RelSrcDir="$PSRCDIR/sources_1">
    <Filter Type="Srcs"/>
    <File Path="$PSRCDIR/sources_1/new/EDGEDCTR.vhd">
      <FileInfo>
        <Attr Name="ImportPath" Val="$PPRDIR/../../project_1/project_1.srcs/sources_1/new/EDGEDCTR.vhd"/>
        <Attr Name="ImportTime" Val="1702974676"/>
        <Attr Name="UsedIn" Val="synthesis"/>
        <Attr Name="UsedIn" Val="simulation"/>
      </FileInfo>
    </File>
    <File Path="$PSRCDIR/sources_1/new/Gen_Secuencias.vhd">
      <FileInfo>
        <Attr Name="ImportPath" Val="$PPRDIR/../../project_1/project_1.srcs/sources_1/new/Gen_Secuencias.vhd"/>
        <Attr Name="ImportTime" Val="1702974738"/>
        <Attr Name="UsedIn" Val="synthesis"/>
        <Attr Name="UsedIn" Val="simulation"/>
      </FileInfo>
    </File>
    <File Path="$PSRCDIR/sources_1/new/Comparador.vhd">
      <FileInfo SFType="VHDL2008">
        <Attr Name="ImportPath" Val="$PPRDIR/../../project_1/project_1.srcs/sources_1/new/Comparador.vhd"/>
        <Attr Name="ImportTime" Val="1702983015"/>
        <Attr Name="UsedIn" Val="synthesis"/>
        <Attr Name="UsedIn" Val="simulation"/>
      </FileInfo>
    </File>
    <File Path="$PSRCDIR/sources_1/new/Contador.vhd">
      <FileInfo SFType="VHDL2008">
        <Attr Name="ImportPath" Val="$PPRDIR/../../project_1/project_1.srcs/sources_1/new/Contador.vhd"/>
        <Attr Name="ImportTime" Val="1702975052"/>
        <Attr Name="UsedIn" Val="synthesis"/>
        <Attr Name="UsedIn" Val="simulation"/>
      </FileInfo>
    </File>
    <File Path="$PSRCDIR/sources_1/new/Decodificador.vhd">
      <FileInfo SFType="VHDL2008">
        <Attr Name="ImportPath" Val="$PPRDIR/../../project_1/project_1.srcs/sources_1/new/Decodificador.vhd"/>
        <Attr Name="ImportTime" Val="1702980675"/>
        <Attr Name="UsedIn" Val="synthesis"/>
        <Attr Name="UsedIn" Val="simulation"/>
      </FileInfo>
    </File>
    <File Path="$PSRCDIR/sources_1/new/Gestor_Entradas.vhd">
      <FileInfo SFType="VHDL2008">
        <Attr Name="ImportPath" Val="$PPRDIR/../../project_1/project_1.srcs/sources_1/new/Gestor_Entradas.vhd"/>
        <Attr Name="ImportTime" Val="1702975425"/>
        <Attr Name="UsedIn" Val="synthesis"/>
        <Attr Name="UsedIn" Val="simulation"/>
      </FileInfo>
    </File>
    <File Path="$PSRCDIR/sources_1/new/Gestor_de_dinero.vhd">
      <FileInfo SFType="VHDL2008">
        <Attr Name="ImportPath" Val="$PPRDIR/../../project_1/project_1.srcs/sources_1/new/Gestor_de_dinero.vhd"/>
        <Attr Name="ImportTime" Val="1702984078"/>
        <Attr Name="UsedIn" Val="synthesis"/>
        <Attr Name="UsedIn" Val="simulation"/>
      </FileInfo>
    </File>
    <File Path="$PSRCDIR/sources_1/new/MUX.vhd">
      <FileInfo SFType="VHDL2008">
        <Attr Name="ImportPath" Val="$PPRDIR/../../project_1/project_1.srcs/sources_1/new/MUX.vhd"/>
        <Attr Name="ImportTime" Val="1702980449"/>
        <Attr Name="UsedIn" Val="synthesis"/>
        <Attr Name="UsedIn" Val="simulation"/>
      </FileInfo>
    </File>
    <File Path="$PSRCDIR/sources_1/new/Maquina_Estados.vhd">
      <FileInfo SFType="VHDL2008">
        <Attr Name="ImportPath" Val="$PPRDIR/../../project_1/project_1.srcs/sources_1/new/Maquina_Estados.vhd"/>
        <Attr Name="ImportTime" Val="1702983601"/>
        <Attr Name="UsedIn" Val="synthesis"/>
        <Attr Name="UsedIn" Val="simulation"/>
      </FileInfo>
    </File>
    <File Path="$PSRCDIR/sources_1/new/SYNCHRNZR.vhd">
      <FileInfo SFType="VHDL2008">
        <Attr Name="ImportPath" Val="$PPRDIR/../../project_1/project_1.srcs/sources_1/new/SYNCHRNZR.vhd"/>
        <Attr Name="ImportTime" Val="1702975322"/>
        <Attr Name="UsedIn" Val="synthesis"/>
        <Attr Name="UsedIn" Val="simulation"/>
      </FileInfo>
    </File>
    <File Path="$PSRCDIR/sources_1/new/Timer.vhd">
      <FileInfo SFType="VHDL2008">
        <Attr Name="ImportPath" Val="$PPRDIR/../../project_1/project_1.srcs/sources_1/new/Timer.vhd"/>
        <Attr Name="ImportTime" Val="1702975284"/>
        <Attr Name="UsedIn" Val="synthesis"/>
        <Attr Name="UsedIn" Val="simulation"/>
      </FileInfo>
    </File>
    <File Path="$PSRCDIR/sources_1/new/Visualizador.vhd">
      <FileInfo SFType="VHDL2008">
        <Attr Name="ImportPath" Val="$PPRDIR/../../project_1/project_1.srcs/sources_1/new/Visualizador.vhd"/>
        <Attr Name="ImportTime" Val="1702980657"/>
        <Attr Name="UsedIn" Val="synthesis"/>
        <Attr Name="UsedIn" Val="simulation"/>
      </FileInfo>
    </File>
    <File Path="$PSRCDIR/sources_1/new/Maquina_Refrescos.vhd">
      <FileInfo SFType="VHDL2008">
        <Attr Name="ImportPath" Val="$PPRDIR/../../project_1/project_1.srcs/sources_1/new/Maquina_Refrescos.vhd"/>
        <Attr Name="ImportTime" Val="1702984387"/>
        <Attr Name="UsedIn" Val="synthesis"/>
        <Attr Name="UsedIn" Val="simulation"/>
      </FileInfo>
    </File>
    <Config>
      <Option Name="DesignMode" Val="RTL"/>
      <Option Name="TopModule" Val="Maquina_Refrescos"/>
    </Config>
  </FileSet>
  <FileSet Name="constrs_in" Type="Constrs" RelSrcDir="$PSRCDIR/constrs_1">
    <Filter Type="Constrs"/>
    <File Path="$PSRCDIR/constrs_1/new/NexysDDR4.xdc">
      <FileInfo>
        <Attr Name="ImportPath" Val="$PPRDIR/../../project_1/project_1.srcs/constrs_1/new/NexysDDR4.xdc"/>
        <Attr Name="ImportTime" Val="1702984553"/>
        <Attr Name="UsedIn" Val="synthesis"/>
        <Attr Name="UsedIn" Val="implementation"/>
      </FileInfo>
    </File>
    <Config>
      <Option Name="TargetConstrsFile" Val="$PSRCDIR/constrs_1/new/NexysDDR4.xdc"/>
      <Option Name="ConstrsType" Val="XDC"/>
    </Config>
  </FileSet>
  <FileSet Name="utils" Type="Utils" RelSrcDir="$PSRCDIR/utils_1">
    <Filter Type="Utils"/>
    <Config>
      <Option Name="TopAutoSet" Val="TRUE"/>
    </Config>
  </FileSet>
  <Strategy Version="1" Minor="2">
    <StratHandle Name="Vivado Synthesis Defaults" Flow="Vivado Synthesis 2020"/>
    <Step Id="synth_design"/>
  </Strategy>
</GenRun>
